INSERT INTO users (username, password, enabled, email) values("Anthony", "abcdefghijk", 1, "ezegoing@hotmail.com");
INSERT INTO authorities (username, authority) values("Anthony", "ROLE_USER");
INSERT INTO user (username, email) VALUES ("Anthony", "ant@email.com");
INSERT INTO users (username, password, enabled, email) values("Martin", "abcdefghijk", 1, "ezegoing@hotmail.com");
INSERT INTO authorities (username, authority) values("Martin", "ROLE_USER");
INSERT INTO user (username, email) VALUES ("Martin", "martin@email.com");
INSERT INTO users (username, password, enabled, email) values("Steven", "abcdefghijk", 1, "ezegoing@hotmail.com");
INSERT INTO authorities (username, authority) values("Steven", "ROLE_USER");
INSERT INTO user (username, email) VALUES ("Steven", "steven@email.com");
INSERT INTO users (username, password, enabled, email) values("Ryan", "abcdefghijk", 1, "ezegoing@hotmail.com");
INSERT INTO authorities (username, authority) values("Ryan", "ROLE_USER");
INSERT INTO user (username, email) VALUES ("Ryan", "ryan@email.com");
INSERT INTO users (username, password, enabled, email) values("John", "abcdefghijk", 1, "ezegoing@hotmail.com");
INSERT INTO authorities (username, authority) values("John", "ROLE_USER");
INSERT INTO user (username, email) VALUES ("John", "john@email.com");
INSERT INTO users (username, password, enabled, email) values("Luke", "abcdefghijk", 1, "ezegoing@hotmail.com");
INSERT INTO authorities (username, authority) values("Luke", "ROLE_USER");
INSERT INTO user (username, email) VALUES ("Luke", "luke@email.com");

